{
	"openapi": "3.0.0",
	"components": {
		"examples": {},
		"headers": {},
		"parameters": {},
		"requestBodies": {},
		"responses": {},
		"schemas": {
			"IUser": {
				"properties": {
					"name": {
						"type": "string"
					},
					"email": {
						"type": "string"
					},
					"age": {
						"type": "number",
						"format": "double"
					}
				},
				"required": [
					"name",
					"email",
					"age"
				],
				"type": "object",
				"additionalProperties": false
			},
			"UserCreationParams": {
				"properties": {
					"name": {
						"type": "string"
					},
					"email": {
						"type": "string"
					},
					"age": {
						"type": "number",
						"format": "double"
					}
				},
				"required": [
					"name",
					"email",
					"age"
				],
				"type": "object",
				"additionalProperties": false
			},
			"UserUpdateParams": {
				"properties": {
					"name": {
						"type": "string"
					},
					"email": {
						"type": "string"
					},
					"age": {
						"type": "number",
						"format": "double"
					}
				},
				"type": "object",
				"additionalProperties": false
			}
		},
		"securitySchemes": {}
	},
	"info": {
		"title": "express",
		"version": "1.0.0",
		"license": {
			"name": "MIT"
		},
		"contact": {}
	},
	"paths": {
		"/v1/users": {
			"post": {
				"operationId": "CreateNewUser",
				"responses": {
					"200": {
						"description": "Ok",
						"content": {
							"application/json": {
								"schema": {
									"$ref": "#/components/schemas/IUser"
								}
							}
						}
					}
				},
				"security": [],
				"parameters": [],
				"requestBody": {
					"required": true,
					"content": {
						"application/json": {
							"schema": {
								"$ref": "#/components/schemas/UserCreationParams"
							}
						}
					}
				}
			}
		},
		"/v1/users/GetAllUsers/{sortOption}": {
			"get": {
				"operationId": "GetAllUsers",
				"responses": {
					"200": {
						"description": "Ok",
						"content": {
							"application/json": {
								"schema": {
									"items": {
										"$ref": "#/components/schemas/IUser"
									},
									"type": "array"
								}
							}
						}
					}
				},
				"security": [],
				"parameters": [
					{
						"in": "path",
						"name": "sortOption",
						"required": true,
						"schema": {
							"type": "string"
						}
					},
					{
						"in": "query",
						"name": "age",
						"required": false,
						"schema": {
							"format": "double",
							"type": "number"
						}
					}
				]
			}
		},
		"/v1/users/GetUserById/{userId}": {
			"get": {
				"operationId": "GetUserById",
				"responses": {
					"200": {
						"description": "Ok",
						"content": {
							"application/json": {
								"schema": {
									"$ref": "#/components/schemas/IUser"
								}
							}
						}
					}
				},
				"security": [],
				"parameters": [
					{
						"in": "path",
						"name": "userId",
						"required": true,
						"schema": {
							"type": "string"
						}
					}
				]
			}
		},
		"/v1/users/updateUserById/{userId}": {
			"put": {
				"operationId": "UpdateUserById",
				"responses": {
					"200": {
						"description": "Ok",
						"content": {
							"application/json": {
								"schema": {
									"$ref": "#/components/schemas/IUser"
								}
							}
						}
					}
				},
				"security": [],
				"parameters": [
					{
						"in": "path",
						"name": "userId",
						"required": true,
						"schema": {
							"type": "string"
						}
					}
				],
				"requestBody": {
					"required": true,
					"content": {
						"application/json": {
							"schema": {
								"$ref": "#/components/schemas/UserUpdateParams"
							}
						}
					}
				}
			}
		},
		"/v1/users/{userId}": {
			"delete": {
				"operationId": "DeleteUserById",
				"responses": {
					"200": {
						"description": "Ok",
						"content": {
							"application/json": {
								"schema": {
									"$ref": "#/components/schemas/IUser"
								}
							}
						}
					}
				},
				"security": [],
				"parameters": [
					{
						"in": "path",
						"name": "userId",
						"required": true,
						"schema": {
							"type": "string"
						}
					}
				]
			}
		},
		"/v1/users/GetUserByAgeRange": {
			"get": {
				"operationId": "GetUserByAgeRange",
				"responses": {
					"200": {
						"description": "Ok",
						"content": {
							"application/json": {
								"schema": {
									"items": {
										"$ref": "#/components/schemas/IUser"
									},
									"type": "array"
								}
							}
						}
					}
				},
				"security": [],
				"parameters": [
					{
						"in": "query",
						"name": "minAgeRange",
						"required": true,
						"schema": {
							"format": "double",
							"type": "number"
						}
					},
					{
						"in": "query",
						"name": "maxAgeRange",
						"required": true,
						"schema": {
							"format": "double",
							"type": "number"
						}
					}
				]
			}
		}
	},
	"servers": [
		{
			"url": "/"
		}
	]
}